{
  "request_metadata": {
    "request_id": "integration-analysis-001",
    "timestamp": "2025-12-18T18:00:00Z",
    "requester": "jack",
    "urgency": "immediate",
    "complexity": "very_high",
    "estimated_effort": "4-6 hours",
    "status": "acknowledged"
  },
  
  "request_specification": {
    "title": "Full Integration Analysis of All Work Streams for Triple Handshake System",
    "description": "Detailed and precise analysis showing how 5 major work streams integrate together into cohesive Triple Handshake System architecture",
    "deliverable_format": "comprehensive_technical_document",
    "detail_level": "very_detailed_and_precise",
    "intended_use": "consolidation_with_chatgpt_analysis"
  },
  
  "work_streams_to_integrate": [
    {
      "stream_id": "stream-001",
      "name": "Multi-Agent Performance Profiling",
      "source_thread": "thread-2025-12-08-multi-agent-performance-profiling",
      "key_components": [
        "Performance metrics framework (token count, rounds to consensus, quality score, context coherence)",
        "Death spiral prevention (circular reasoning detection, context drift tracking, reset mechanisms)",
        "Multi-round debate structure (rounds 1-5+, escalation protocol)",
        "Scalability to ChatGPT/Claude capacity levels",
        "Baseline measurement and iterative optimization"
      ],
      "integration_priority": "high",
      "status": "requires_integration"
    },
    {
      "stream_id": "stream-002",
      "name": "SHL: Tiered Human-Machine Language",
      "source_thread": "thread-2025-12-11-shl-tiered-language",
      "key_components": [
        "L0: Human natural language",
        "L1: Structured shorthand",
        "L2: Bytecode/optimized encoding",
        "L3: Machine-machine communication",
        "99.99% accuracy requirement",
        "10k messages/sec throughput",
        "<10ms latency target",
        "5-agent debate system for refinement"
      ],
      "integration_priority": "critical",
      "status": "requires_integration"
    },
    {
      "stream_id": "stream-003",
      "name": "Breaking Down Vague Production Terms",
      "source_thread": "thread-2025-12-16-breaking-down-vague-production",
      "key_components": [
        "Replace 'production-ready' with explicit specs (error resilience, performance envelope, observability, security posture, deployment spec)",
        "Replace 'enterprise' with concrete requirements (compliance framework, access control, integration surface, operational SLAs)",
        "Priority hierarchies when dimensions conflict",
        "Multi-layer specifications (Communication, Storage, Processing, Coordination, Deployment)",
        "JSON-first structured thinking"
      ],
      "integration_priority": "high",
      "status": "requires_integration"
    },
    {
      "stream_id": "stream-004",
      "name": "Web Scraper for Job Listing Verification (JIHUB)",
      "source_thread": "unknown - needs to be searched",
      "key_components": [
        "Ghost job detection",
        "Resume intelligence",
        "Multi-agent coordination (Claude scrapes, Gemini finds patterns)",
        "Arrow storage for 100K+ job postings",
        "Neo4j graph for company/job relationships",
        "Pattern recognition across fraud networks"
      ],
      "integration_priority": "medium",
      "status": "requires_search_and_integration"
    },
    {
      "stream_id": "stream-005",
      "name": "Restructuring Project with Agent Framework",
      "source_thread": "thread-2025-12-05-restructuring-project-with-agent",
      "key_components": [
        "PCR (Project Context Recorder) superlayer",
        "Tiered ACE framework with sub-tiers and checkpoints",
        "Apache Arrow for dataset generation",
        "Thread-based fractal conversation management",
        "Dataset quality metrics (datetime, keywords, speaker_id, patterns, context markers, window length, errors, decision points)",
        "Production-ready pre-training data generation",
        "TOON encoding integration"
      ],
      "integration_priority": "critical",
      "status": "requires_integration"
    }
  ],
  
  "integration_requirements": {
    "analysis_depth": "very_detailed_and_precise",
    "show_integration_points": true,
    "explain_how_pieces_fit": true,
    "include_implementation_details": true,
    "provide_concrete_examples": true,
    "identify_conflicts": true,
    "resolve_conflicts": true,
    "create_unified_architecture": true
  },
  
  "constraints": {
    "context": "all_over_the_place - needs consolidation",
    "next_step": "chatgpt_will_add_analysis",
    "final_goal": "consolidated_master_architecture",
    "current_fragmentation": "5 separate work streams without clear integration plan"
  },
  
  "deliverable_structure": {
    "sections": [
      "Executive Summary - How all 5 streams integrate",
      "Stream-by-Stream Detailed Analysis",
      "Integration Architecture - Unified System Design",
      "Integration Points Matrix - Where streams connect",
      "Conflict Resolution - Where streams overlap/conflict",
      "Implementation Roadmap - Phased integration",
      "Technical Specifications - Complete unified specs",
      "Data Flow Examples - End-to-end scenarios",
      "Success Metrics - Integrated system KPIs"
    ],
    "format": "markdown_with_diagrams_and_code_examples",
    "length": "comprehensive - 100+ pages expected"
  },
  
  "tasks_to_complete": [
    {
      "task_id": "task-001",
      "description": "Search for JIHUB/web scraper thread",
      "status": "pending"
    },
    {
      "task_id": "task-002",
      "description": "Extract key components from SHL thread",
      "status": "pending"
    },
    {
      "task_id": "task-003",
      "description": "Map integration points between all 5 streams",
      "status": "pending"
    },
    {
      "task_id": "task-004",
      "description": "Identify and resolve conflicts",
      "status": "pending"
    },
    {
      "task_id": "task-005",
      "description": "Create unified architecture diagram",
      "status": "pending"
    },
    {
      "task_id": "task-006",
      "description": "Write comprehensive integration document",
      "status": "pending"
    }
  ],
  
  "success_criteria": {
    "completeness": "all 5 streams integrated",
    "clarity": "integration points crystal clear",
    "precision": "very detailed and precise",
    "actionability": "ready for implementation",
    "consolidation_ready": "prepared for chatgpt input"
  },
  
  "acknowledgment": {
    "understood": true,
    "json_created_first": true,
    "ready_to_proceed": true,
    "note": "This JSON captures the request before analysis begins, as instructed"
  }
}
