{
  "thread_metadata": {
    "thread_id": "thread-2025-12-18-master-merge-meta",
    "title": "Master Knowledge Base Merge - Creating Triple Handshake System Foundation",
    "created_at": "2025-12-18T15:30:00Z",
    "updated_at": "2025-12-18T18:00:00Z",
    "participants": ["claude", "jack"],
    "platform": "claude.ai",
    "project": "Triple Handshake System",
    "tags": [
      "knowledge-merge",
      "wish-starring",
      "triple-handshake",
      "meta-conversation",
      "master-prompt",
      "multi-agent-integration"
    ],
    "parent_thread_id": "thread-2025-12-18-hierarchical-context-research",
    "related_threads": [
      "thread-2025-12-05-restructuring-project-with-agent",
      "thread-2025-12-16-breaking-down-vague-production",
      "thread-2025-12-08-multi-agent-performance-profiling"
    ],
    "status": "active"
  },
  
  "conversation_summary": {
    "overview": "Jack requested merging of 4 conversation threads into master knowledge base with maximum context for Triple Handshake System. Claude extracted multi-agent documentation (31 files), created wish-starring schema, merged all threads into comprehensive JSON. Key decision: Replace ChatGPT with Gemini. Focus ONLY on Triple Handshake as separate product. Created master prompt with complete specifications.",
    "key_question": "How do we merge all conversation threads into one master prompt without losing context?",
    "outcome": "Created MASTER-TRIPLE-HANDSHAKE-KNOWLEDGE-BASE.json with 4 threads merged, complete specs, 16-week roadmap, ready-to-use agent prompts. Established wish-starring methodology for future thread management.",
    "confidence": 0.92,
    "actionable_items": [
      {
        "action": "Review master knowledge base JSON",
        "priority": "immediate",
        "assigned_to": "jack",
        "status": "pending"
      },
      {
        "action": "Conduct full integration analysis of all work streams",
        "priority": "immediate",
        "assigned_to": "claude",
        "status": "in_progress"
      }
    ]
  },
  
  "key_insights": [
    {
      "insight_id": "meta-001",
      "content": "Wish starring methodology prevents conversation threads from becoming a mess by structured capture, extraction, and merging",
      "confidence": 0.95,
      "tags": ["methodology", "knowledge-management"],
      "validation_status": "demonstrated"
    },
    {
      "insight_id": "meta-002",
      "content": "Multi-agent documentation (31 files) provides production-ready infrastructure: Inbox/Outbox, Arrow, Neo4j, Qdrant, TOON",
      "confidence": 0.95,
      "tags": ["infrastructure", "production"],
      "validation_status": "documented"
    },
    {
      "insight_id": "meta-003",
      "content": "Gemini CLI integration already exists in multi-agent docs, making Gemini better choice than ChatGPT for Triple Handshake",
      "confidence": 0.90,
      "tags": ["architecture", "decision"],
      "validation_status": "pragmatic"
    },
    {
      "insight_id": "meta-004",
      "content": "Merging 4 threads yields 16 insights, 12 decisions, 5 papers, complete 16-week roadmap with 88% confidence",
      "confidence": 0.88,
      "tags": ["metrics", "synthesis"],
      "validation_status": "quantified"
    }
  ],
  
  "decisions": [
    {
      "decision_id": "meta-decision-001",
      "question": "Should we replace ChatGPT with Gemini in Triple Handshake?",
      "decision": "Yes, use Gemini instead of ChatGPT",
      "rationale": "Gemini CLI already integrated in multi-agent docs, faster iteration, better for production use",
      "decided_by": "jack",
      "timestamp": "2025-12-18T16:45:00Z",
      "confidence": 0.95,
      "implementation_priority": "immediate"
    },
    {
      "decision_id": "meta-decision-002",
      "question": "Should we focus on ShearwaterAICAD or Triple Handshake?",
      "decision": "Focus ONLY on Triple Handshake System as separate product",
      "rationale": "Triple Handshake is standalone product with broader market potential, needs dedicated focus",
      "decided_by": "jack",
      "timestamp": "2025-12-18T16:50:00Z",
      "confidence": 0.95,
      "implementation_priority": "immediate"
    },
    {
      "decision_id": "meta-decision-003",
      "question": "How to prevent losing context across multiple conversation threads?",
      "decision": "Use wish-starring methodology: structured JSON capture + merge into master knowledge base",
      "rationale": "Enables thread-to-thread aggregation without information loss, maintains relationships, supports queries",
      "decided_by": "jack + claude",
      "timestamp": "2025-12-18T16:00:00Z",
      "confidence": 0.90,
      "implementation_priority": "immediate"
    },
    {
      "decision_id": "meta-decision-004",
      "question": "Should we merge all 4 threads into one master prompt?",
      "decision": "Yes, create MASTER-TRIPLE-HANDSHAKE-KNOWLEDGE-BASE.json with all threads merged",
      "rationale": "Maximum context for building Triple Handshake, prevents duplication, single source of truth",
      "decided_by": "jack",
      "timestamp": "2025-12-18T17:00:00Z",
      "confidence": 0.92,
      "implementation_priority": "immediate"
    }
  ],
  
  "conversation_messages": [
    {
      "message_id": "meta-msg-001",
      "timestamp": "2025-12-18T15:30:00Z",
      "speaker": "jack",
      "content_summary": "Uploaded comprehensive multi-agent system documentation (31 files). Requested integration with hierarchical context knowledge and creation of wish-starring JSON schema.",
      "intent": "knowledge_integration_request"
    },
    {
      "message_id": "meta-msg-002",
      "timestamp": "2025-12-18T16:00:00Z",
      "speaker": "claude",
      "content_summary": "Extracted multi-agent docs, created 50-page knowledge integration document showing how infrastructure + hierarchical context = production Triple Handshake. Created wish-starring schema with examples.",
      "intent": "deliver_integration_solution",
      "artifacts_created": [
        "SHL-KNOWLEDGE-INTEGRATION.md",
        "WISH-STARRING-SCHEMA.md"
      ]
    },
    {
      "message_id": "meta-msg-003",
      "timestamp": "2025-12-18T16:30:00Z",
      "speaker": "jack",
      "content_summary": "Clarified focus: Don't want ShearwaterAICAD or other projects. ONLY Triple Handshake System as separate product. It's the multi-LLM coordination platform.",
      "intent": "scope_clarification",
      "led_to": ["meta-decision-002"]
    },
    {
      "message_id": "meta-msg-004",
      "timestamp": "2025-12-18T16:45:00Z",
      "speaker": "jack",
      "content_summary": "Need to replace ChatGPT with Gemini in Triple Handshake.",
      "intent": "architecture_decision",
      "led_to": ["meta-decision-001"]
    },
    {
      "message_id": "meta-msg-005",
      "timestamp": "2025-12-18T17:00:00Z",
      "speaker": "jack",
      "content_summary": "Want to merge: This thread + Restructuring project + Breaking down vague production + Multi-agent profiling. Include all files. Build master prompt with max context.",
      "intent": "merge_request",
      "led_to": ["meta-decision-004"]
    },
    {
      "message_id": "meta-msg-006",
      "timestamp": "2025-12-18T17:30:00Z",
      "speaker": "claude",
      "content_summary": "Searched and found all 3 additional threads. Created MASTER-TRIPLE-HANDSHAKE-KNOWLEDGE-BASE.json merging 4 threads with complete specs, roadmap, agent prompts.",
      "intent": "deliver_master_merge",
      "artifacts_created": [
        "MASTER-TRIPLE-HANDSHAKE-KNOWLEDGE-BASE.json"
      ]
    },
    {
      "message_id": "meta-msg-007",
      "timestamp": "2025-12-18T17:45:00Z",
      "speaker": "jack",
      "content_summary": "Asked: Is this conversation the master merged prompt for everything?",
      "intent": "clarification_request"
    },
    {
      "message_id": "meta-msg-008",
      "timestamp": "2025-12-18T17:50:00Z",
      "speaker": "claude",
      "content_summary": "Clarified: Two layers - (1) MASTER-TRIPLE-HANDSHAKE-KNOWLEDGE-BASE.json is the actionable master, (2) This conversation is the meta-master explaining the process. Suggested capturing this conversation in wish-star format too.",
      "intent": "clarify_structure"
    },
    {
      "message_id": "meta-msg-009",
      "timestamp": "2025-12-18T18:00:00Z",
      "speaker": "jack",
      "content_summary": "Turn this into JSON FIRST. Then need full detailed analysis integrating: Multi-Agent profiling, SHL tiered language, Breaking down production, Web scraper (JIHUB), Restructuring project. Very detailed integration showing how everything fits. Will add ChatGPT analysis after.",
      "intent": "expand_scope_request",
      "requirements": [
        "Capture THIS conversation in JSON first",
        "Full integration analysis of 5 work streams",
        "Very detailed and precise integration plan",
        "Show how all pieces fit together",
        "Prepare for ChatGPT's additional input"
      ]
    }
  ],
  
  "files_referenced": [
    {
      "file_id": "file-multi-agent-docs",
      "filename": "files__2_.zip",
      "type": "zip_archive",
      "files_count": 31,
      "key_files": [
        "README.md",
        "multi-agent-communication-system.md",
        "context-management-research.md",
        "PRODUCTION-ARCHITECTURE-COMPLETE.md"
      ],
      "integration_impact": "Provides complete infrastructure foundation"
    }
  ],
  
  "artifacts_created": [
    {
      "artifact_id": "artifact-shl-integration",
      "title": "SHL Knowledge Integration Document",
      "type": "documentation",
      "location": "/mnt/user-data/outputs/SHL-KNOWLEDGE-INTEGRATION.md",
      "size": "50 pages",
      "status": "completed"
    },
    {
      "artifact_id": "artifact-wish-starring",
      "title": "Wish Starring Schema",
      "type": "documentation",
      "location": "/mnt/user-data/outputs/WISH-STARRING-SCHEMA.md",
      "status": "completed"
    },
    {
      "artifact_id": "artifact-master-kb",
      "title": "Master Triple Handshake Knowledge Base",
      "type": "structured_data",
      "location": "/mnt/user-data/outputs/MASTER-TRIPLE-HANDSHAKE-KNOWLEDGE-BASE.json",
      "size": "50KB",
      "threads_merged": 4,
      "status": "completed"
    },
    {
      "artifact_id": "artifact-this-thread",
      "title": "This Meta-Conversation Thread",
      "type": "structured_data",
      "location": "/home/claude/thread-2025-12-18-master-merge-meta.json",
      "status": "in_progress"
    }
  ],
  
  "next_deliverable": {
    "title": "Full Integration Analysis of All Work Streams",
    "description": "Detailed analysis showing how Multi-Agent profiling + SHL + Production specs + JIHUB web scraper + Project restructuring all integrate together for Triple Handshake System",
    "components_to_integrate": [
      "Multi-Agent performance profiling framework",
      "SHL (tiered human-machine language)",
      "Breaking down vague production (enterprise specs)",
      "Web scraper for job listing verification (JIHUB)",
      "Restructuring project with agent (ACE framework, Arrow, threads)"
    ],
    "requirements": [
      "Very detailed and precise",
      "Show integration points",
      "Explain how pieces fit together",
      "Ready for ChatGPT's additional analysis"
    ],
    "status": "requested",
    "priority": "immediate"
  },
  
  "metrics": {
    "message_count": 9,
    "decisions_made": 4,
    "insights_generated": 4,
    "artifacts_created": 4,
    "threads_merged": 4,
    "files_integrated": 31,
    "total_word_count": 10000,
    "confidence_score": 0.92,
    "conversation_duration_hours": 2.5
  },
  
  "status": {
    "conversation_complete": false,
    "knowledge_captured": true,
    "master_kb_created": true,
    "integration_analysis_pending": true,
    "ready_for_chatgpt_input": false
  }
}
